                  epoch,         train/box_loss,         train/cls_loss,         train/dfl_loss,   metrics/precision(B),      metrics/recall(B),       metrics/mAP50(B),    metrics/mAP50-95(B),           val/box_loss,           val/cls_loss,           val/dfl_loss,                 lr/pg0,                 lr/pg1,                 lr/pg2
                      1,                 1.4692,                 2.9878,                 1.3575,                0.74082,                 0.1287,                0.40348,                0.21193,                 1.1083,                  3.812,                 1.1761,             0.00054023,             0.00054023,             0.00054023
                      2,                 1.3399,                 2.0326,                  1.282,                0.60786,                0.49044,                0.57256,                0.33881,                 1.3005,                 3.0879,                  1.203,             0.00073425,             0.00073425,             0.00073425
